{"$schema":"http://schema.management.azure.com/schemas/2015-01-01/deploymentTemplate.json#","contentVersion":"1.0.0.0","parameters":{"factoryName":{"type":"string","metadata":"Data Factory name"},"SqlServer1":{"type":"string"},"AzureDataLakeStorage1":{"type":"string"}},"variables":{"factoryId":"[concat('Microsoft.DataFactory/factories/', parameters('factoryName'))]"},"resources":[{"name":"[concat(parameters('factoryName'), '/Populate_Data_Master')]","type":"Microsoft.DataFactory/factories/pipelines","apiVersion":"2018-06-01","properties":{"activities":[{"name":"File_List","type":"GetMetadata","dependsOn":[],"policy":{"timeout":"0.12:00:00","retry":0,"retryIntervalInSeconds":30,"secureOutput":false,"secureInput":false},"userProperties":[],"typeProperties":{"dataset":{"referenceName":"file","type":"DatasetReference","parameters":{}},"fieldList":["childItems"],"storeSettings":{"type":"AzureBlobFSReadSettings","recursive":true,"enablePartitionDiscovery":false},"formatSettings":{"type":"BinaryReadSettings"}}},{"name":"HeirLoop","type":"ForEach","dependsOn":[{"activity":"Filter_heir_Tables","dependencyConditions":["Succeeded"]}],"userProperties":[],"typeProperties":{"items":{"value":"@activity('Filter_heir_Tables').output.Value","type":"Expression"},"isSequential":false,"batchCount":10,"activities":[{"name":"invokingPip_heir","type":"ExecutePipeline","dependsOn":[],"policy":{"secureInput":false},"userProperties":[],"typeProperties":{"pipeline":{"referenceName":"invoked_pipeline","type":"PipelineReference"},"waitOnCompletion":true,"parameters":{"p_file_name":{"value":"@item().name","type":"Expression"},"p_table_name":{"value":"@replace(replace(item().name,'.txt',''),'hier.','')","type":"Expression"}}}}]}},{"name":"Filter_heir_Tables","type":"Filter","dependsOn":[{"activity":"File_List","dependencyConditions":["Succeeded"]}],"userProperties":[],"typeProperties":{"items":{"value":"@activity('File_List').output.childItems","type":"Expression"},"condition":{"value":"@and(startswith(item().name,'hier'),equals(item().type,'File'))","type":"Expression"}}},{"name":"Fact_Loop","type":"ForEach","dependsOn":[{"activity":"Filter_fact_tables","dependencyConditions":["Succeeded"]},{"activity":"HeirLoop","dependencyConditions":["Succeeded"]}],"userProperties":[],"typeProperties":{"items":{"value":"@activity('Filter_fact_tables').output.Value","type":"Expression"},"isSequential":false,"batchCount":2,"activities":[{"name":"invokingPip_fact","type":"ExecutePipeline","dependsOn":[],"policy":{"secureInput":false},"userProperties":[],"typeProperties":{"pipeline":{"referenceName":"invoked_pipeline","type":"PipelineReference"},"waitOnCompletion":true,"parameters":{"p_file_name":{"value":"@item().name","type":"Expression"},"p_table_name":{"value":"@replace(replace(item().name,'.txt',''),'fact.','')","type":"Expression"}}}}]}},{"name":"Filter_fact_tables","type":"Filter","dependsOn":[{"activity":"File_List","dependencyConditions":["Succeeded"]}],"userProperties":[],"typeProperties":{"items":{"value":"@activity('File_List').output.childItems","type":"Expression"},"condition":{"value":"@and(startswith(item().name,'fact'),equals(item().type,'File'))","type":"Expression"}}},{"name":"final_loading","type":"SqlServerStoredProcedure","dependsOn":[{"activity":"Staging_Table_Loading","dependencyConditions":["Succeeded"]}],"policy":{"timeout":"0.12:00:00","retry":0,"retryIntervalInSeconds":30,"secureOutput":false,"secureInput":false},"userProperties":[],"typeProperties":{"storedProcedureName":"[[dbo].[final_process]"},"linkedServiceName":{"referenceName":"[parameters('SqlServer1')]","type":"LinkedServiceReference"}},{"name":"Staging_Table_Loading","type":"SqlServerStoredProcedure","dependsOn":[{"activity":"Fact_Loop","dependencyConditions":["Succeeded"]}],"policy":{"timeout":"0.12:00:00","retry":0,"retryIntervalInSeconds":30,"secureOutput":false,"secureInput":false},"userProperties":[],"typeProperties":{"storedProcedureName":"[[dbo].[TableLoading]"},"linkedServiceName":{"referenceName":"[parameters('SqlServer1')]","type":"LinkedServiceReference"}}],"policy":{"elapsedTimeMetric":{}},"annotations":[],"lastPublishTime":"2025-03-06T14:36:44Z"},"dependsOn":["[concat(variables('factoryId'), '/datasets/file')]","[concat(variables('factoryId'), '/pipelines/invoked_pipeline')]"]},{"name":"[concat(parameters('factoryName'), '/file')]","type":"Microsoft.DataFactory/factories/datasets","apiVersion":"2018-06-01","properties":{"linkedServiceName":{"referenceName":"[parameters('AzureDataLakeStorage1')]","type":"LinkedServiceReference"},"annotations":[],"type":"Binary","typeProperties":{"location":{"type":"AzureBlobFSLocation","folderPath":"Gsynergy","fileSystem":"source"}}},"dependsOn":[]},{"name":"[concat(parameters('factoryName'), '/invoked_pipeline')]","type":"Microsoft.DataFactory/factories/pipelines","apiVersion":"2018-06-01","properties":{"activities":[{"name":"Data_Load","type":"Copy","dependsOn":[],"policy":{"timeout":"0.12:00:00","retry":0,"retryIntervalInSeconds":30,"secureOutput":false,"secureInput":false},"userProperties":[],"typeProperties":{"source":{"type":"DelimitedTextSource","storeSettings":{"type":"AzureBlobFSReadSettings","recursive":true,"wildcardFolderPath":"Gsynergy","wildcardFileName":{"value":"@pipeline().parameters.p_file_name","type":"Expression"},"enablePartitionDiscovery":false},"formatSettings":{"type":"DelimitedTextReadSettings"}},"sink":{"type":"SqlServerSink","preCopyScript":{"value":"@concat('TRUNCATE TABLE raw.',pipeline().parameters.p_table_name)","type":"Expression"},"writeBehavior":"insert","sqlWriterUseTableLock":false,"tableOption":"autoCreate"},"enableStaging":false,"translator":{"type":"TabularTranslator","typeConversion":true,"typeConversionSettings":{"allowDataTruncation":true,"treatBooleanAsNumber":false}}},"inputs":[{"referenceName":"TextFile","type":"DatasetReference","parameters":{}}],"outputs":[{"referenceName":"SQL_table","type":"DatasetReference","parameters":{"p_table_name":{"value":"@pipeline().parameters.p_table_name","type":"Expression"}}}]}],"policy":{"elapsedTimeMetric":{}},"parameters":{"p_file_name":{"type":"string","defaultValue":"abc"},"p_table_name":{"type":"string","defaultValue":"a"}},"annotations":[],"lastPublishTime":"2025-03-06T14:35:31Z"},"dependsOn":["[concat(variables('factoryId'), '/datasets/TextFile')]","[concat(variables('factoryId'), '/datasets/SQL_table')]"]},{"name":"[concat(parameters('factoryName'), '/TextFile')]","type":"Microsoft.DataFactory/factories/datasets","apiVersion":"2018-06-01","properties":{"linkedServiceName":{"referenceName":"[parameters('AzureDataLakeStorage1')]","type":"LinkedServiceReference"},"annotations":[],"type":"DelimitedText","typeProperties":{"location":{"type":"AzureBlobFSLocation","folderPath":"Gsynergy","fileSystem":"source"},"columnDelimiter":"|","escapeChar":"\\","firstRowAsHeader":true,"quoteChar":"\""},"schema":[]},"dependsOn":[]},{"name":"[concat(parameters('factoryName'), '/SQL_table')]","type":"Microsoft.DataFactory/factories/datasets","apiVersion":"2018-06-01","properties":{"linkedServiceName":{"referenceName":"[parameters('SqlServer1')]","type":"LinkedServiceReference"},"parameters":{"p_table_name":{"type":"string","defaultValue":"abc"}},"annotations":[],"type":"SqlServerTable","schema":[],"typeProperties":{"schema":"raw","table":{"value":"@dataset().p_table_name","type":"Expression"}}},"dependsOn":[]}]}